af_mapping,qc_mapping,desc,current,TOA5_JSav_2007_05_04_1330,TOA5_JSav_2007_06_01_1530,TOA5_JSav_2007_08_31_1330,TOA5_JSav_2007_10_16_1030,TOA5_JSav_2007_12_21_1630,TOA5_JSav_2008_02_25_1425,TOA5_JSav_2008_09_23_1030,TOA5_JSav_2009_03_06_1500,TOA5_JSav_2009_07_08_1600,TOA5_JSav_2012_04_27_1230,TOA5_JSav_2013_10_22_1300,TOA5_JSav_2014_01_10_1030,TOA5_JSav_2014_02_07_1130,TOA5_JSav_2014_02_25_1400,TOA5_JSav_2014_02_27_1800,TOA5_JSav_2014_03_12_1500,TOA5_JSav_2014_04_15_1000
NaN,,NaN,AirTC_10_Avg,AirTC_Avg,AirTC_Avg,AirTC_Avg,AirTC_Avg,AirTC_Avg,AirTC_Avg,AirTC_Avg,AirTC_Avg,AirTC_Avg,AirTC_Avg,AirTC_Avg,current,current,current,current,current,current
NaN,,NaN,AirTC_3p7_Avg,AirTC_2_Avg,AirTC_2_Avg,AirTC_2_Avg,AirTC_2_Avg,AirTC_2_Avg,AirTC_2_Avg,AirTC_2_Avg,AirTC_2_Avg,AirTC_2_Avg,AirTC_2_Avg,AirTC_2_Avg,current,current,current,current,current,current
NaN,,NaN,RH_10_Avg,RH,RH,RH,RH,RH,RH,RH,RH,RH,RH,RH,current,current,current,current,current,current
NaN,,NaN,RH_3p7_Avg,RH_2,RH_2,RH_2,RH_2,RH_2,RH_2,RH_2,RH_2,RH_2,RH_2,RH_2,current,current,current,current,current,current
NaN,,NaN,co2_mean_Avg,co2_Avg,co2_Avg,co2_Avg,co2_Avg,co2_Avg,co2_Avg,co2_Avg,co2_Avg,co2_Avg,co2_Avg,co2_Avg,current,current,current,current,current,current
NaN,,NaN,co2_um_m_Avg,co2_u_mol_Avg,co2_u_mol_Avg,co2_u_mol_Avg,co2_u_mol_Avg,co2_u_mol_Avg,co2_u_mol_Avg,co2_u_mol_Avg,co2_u_mol_Avg,co2_u_mol_Avg,co2_u_mol_Avg,co2_u_mol_Avg,current,current,current,current,current,current
NaN,,NaN,stdev_co2,cov_co2_co2,cov_co2_co2,cov_co2_co2,cov_co2_co2,cov_co2_co2,cov_co2_co2,cov_co2_co2,cov_co2_co2,cov_co2_co2,cov_co2_co2,cov_co2_co2,current,current,current,current,current,current
NaN,,NaN,stdev_h2o,cov_h2o_h2o,cov_h2o_h2o,cov_h2o_h2o,cov_h2o_h2o,cov_h2o_h2o,cov_h2o_h2o,cov_h2o_h2o,cov_h2o_h2o,cov_h2o_h2o,cov_h2o_h2o,cov_h2o_h2o,current,current,current,current,current,current
NaN,,NaN,stdev_Ts,cov_Ts_Ts,cov_Ts_Ts,cov_Ts_Ts,cov_Ts_Ts,cov_Ts_Ts,cov_Ts_Ts,cov_Ts_Ts,cov_Ts_Ts,cov_Ts_Ts,cov_Ts_Ts,cov_Ts_Ts,current,current,current,current,current,current
NaN,,NaN,cov_co2_Ux,cov_Ux_co2,cov_Ux_co2,cov_Ux_co2,cov_Ux_co2,cov_Ux_co2,cov_Ux_co2,cov_Ux_co2,cov_Ux_co2,cov_Ux_co2,cov_Ux_co2,cov_Ux_co2,current,current,current,current,current,current
NaN,,NaN,cov_h2o_Ux,cov_Ux_h2o,cov_Ux_h2o,cov_Ux_h2o,cov_Ux_h2o,cov_Ux_h2o,cov_Ux_h2o,cov_Ux_h2o,cov_Ux_h2o,cov_Ux_h2o,cov_Ux_h2o,cov_Ux_h2o,current,current,current,current,current,current
NaN,,NaN,cov_Ts_Ux,cov_Ux_Ts,cov_Ux_Ts,cov_Ux_Ts,cov_Ux_Ts,cov_Ux_Ts,cov_Ux_Ts,cov_Ux_Ts,cov_Ux_Ts,cov_Ux_Ts,cov_Ux_Ts,cov_Ux_Ts,current,current,current,current,current,current
NaN,,NaN,stdev_Ux,cov_Ux_Ux,cov_Ux_Ux,cov_Ux_Ux,cov_Ux_Ux,cov_Ux_Ux,cov_Ux_Ux,cov_Ux_Ux,cov_Ux_Ux,cov_Ux_Ux,cov_Ux_Ux,cov_Ux_Ux,current,current,current,current,current,current
NaN,,NaN,cov_co2_Uy,cov_Uy_co2,cov_Uy_co2,cov_Uy_co2,cov_Uy_co2,cov_Uy_co2,cov_Uy_co2,cov_Uy_co2,cov_Uy_co2,cov_Uy_co2,cov_Uy_co2,cov_Uy_co2,current,current,current,current,current,current
NaN,,NaN,cov_h2o_Uy,cov_Uy_h2o,cov_Uy_h2o,cov_Uy_h2o,cov_Uy_h2o,cov_Uy_h2o,cov_Uy_h2o,cov_Uy_h2o,cov_Uy_h2o,cov_Uy_h2o,cov_Uy_h2o,cov_Uy_h2o,current,current,current,current,current,current
NaN,,NaN,cov_Ts_Uy,cov_Uy_Ts,cov_Uy_Ts,cov_Uy_Ts,cov_Uy_Ts,cov_Uy_Ts,cov_Uy_Ts,cov_Uy_Ts,cov_Uy_Ts,cov_Uy_Ts,cov_Uy_Ts,cov_Uy_Ts,current,current,current,current,current,current
NaN,,NaN,stdev_Uy,cov_Uy_Uy,cov_Uy_Uy,cov_Uy_Uy,cov_Uy_Uy,cov_Uy_Uy,cov_Uy_Uy,cov_Uy_Uy,cov_Uy_Uy,cov_Uy_Uy,cov_Uy_Uy,cov_Uy_Uy,current,current,current,current,current,current
NaN,,NaN,cov_co2_Uz,cov_Uz_co2,cov_Uz_co2,cov_Uz_co2,cov_Uz_co2,cov_Uz_co2,cov_Uz_co2,cov_Uz_co2,cov_Uz_co2,cov_Uz_co2,cov_Uz_co2,cov_Uz_co2,current,current,current,current,current,current
NaN,,NaN,cov_h2o_Uz,cov_Uz_h2o,cov_Uz_h2o,cov_Uz_h2o,cov_Uz_h2o,cov_Uz_h2o,cov_Uz_h2o,cov_Uz_h2o,cov_Uz_h2o,cov_Uz_h2o,cov_Uz_h2o,cov_Uz_h2o,current,current,current,current,current,current
NaN,,NaN,cov_Ts_Uz,cov_Uz_Ts,cov_Uz_Ts,cov_Uz_Ts,cov_Uz_Ts,cov_Uz_Ts,cov_Uz_Ts,cov_Uz_Ts,cov_Uz_Ts,cov_Uz_Ts,cov_Uz_Ts,cov_Uz_Ts,current,current,current,current,current,current
NaN,,NaN,cov_Ux_Uz,cov_Uz_Ux,cov_Uz_Ux,cov_Uz_Ux,cov_Uz_Ux,cov_Uz_Ux,cov_Uz_Ux,cov_Uz_Ux,cov_Uz_Ux,cov_Uz_Ux,cov_Uz_Ux,cov_Uz_Ux,current,current,current,current,current,current
NaN,,NaN,cov_Uy_Uz,cov_Uz_Uy,cov_Uz_Uy,cov_Uz_Uy,cov_Uz_Uy,cov_Uz_Uy,cov_Uz_Uy,cov_Uz_Uy,cov_Uz_Uy,cov_Uz_Uy,cov_Uz_Uy,cov_Uz_Uy,current,current,current,current,current,current
NaN,,NaN,stdev_Uz,cov_Uz_Uz,cov_Uz_Uz,cov_Uz_Uz,cov_Uz_Uz,cov_Uz_Uz,cov_Uz_Uz,cov_Uz_Uz,cov_Uz_Uz,cov_Uz_Uz,cov_Uz_Uz,cov_Uz_Uz,current,current,current,current,current,current
NaN,,NaN,e_hmp_mean_Avg,e_Avg,e_Avg,e_Avg,e_Avg,e_Avg,e_Avg,e_Avg,e_Avg,e_Avg,e_Avg,e_Avg,current,current,current,current,current,current
NaN,,NaN,h2o_mean_Avg,h2o_Avg,h2o_Avg,h2o_Avg,h2o_Avg,h2o_Avg,h2o_Avg,h2o_Avg,h2o_Avg,h2o_Avg,h2o_Avg,h2o_Avg,current,current,current,current,current,current
NaN,,NaN,h2o_hmp_mean_Avg,h2o_hmp_Avg,h2o_hmp_Avg,h2o_hmp_Avg,h2o_hmp_Avg,h2o_hmp_Avg,h2o_hmp_Avg,h2o_hmp_Avg,h2o_hmp_Avg,h2o_hmp_Avg,h2o_hmp_Avg,h2o_hmp_Avg,current,current,current,current,current,current
NaN,,NaN,h2o_mm_m_Avg,h2o_m_mol_Avg,h2o_m_mol_Avg,h2o_m_mol_Avg,h2o_m_mol_Avg,h2o_m_mol_Avg,h2o_m_mol_Avg,h2o_m_mol_Avg,h2o_m_mol_Avg,h2o_m_mol_Avg,h2o_m_mol_Avg,h2o_m_mol_Avg,current,current,current,current,current,current
NaN,,NaN,Hc,dne,dne,dne,dne,dne,dne,dne,dne,dne,dne,dne,current,current,current,current,current,current
NaN,,NaN,Hs,current,current,current,current,current,current,current,current,current,current,current,dne,dne,dne,dne,dne,dne
NaN,,NaN,par_facedown_Avg,dne,par_Avg_2,par_Avg_2,par_Avg_2,par_Avg_2,par_Avg_2,par_Avg_2,par_Avg_2,par_Avg_2,par_Avg_2,par_Avg_2,current,current,current,current,current,current
NaN,,NaN,par_faceup_Avg,dne,par_Avg_1,par_Avg_1,par_Avg_1,par_Avg_1,par_Avg_1,par_Avg_1,par_Avg_1,par_Avg_1,par_Avg_1,par_Avg_1,current,current,current,current,current,current
NaN,,NaN,rho_a_mean_Avg,rho_a_Avg,rho_a_Avg,rho_a_Avg,rho_a_Avg,rho_a_Avg,rho_a_Avg,rho_a_Avg,rho_a_Avg,rho_a_Avg,rho_a_Avg,rho_a_Avg,current,current,current,current,current,current
NaN,,NaN,sig_lck_f_Tot,track_f_Tot,track_f_Tot,track_f_Tot,track_f_Tot,track_f_Tot,track_f_Tot,track_f_Tot,track_f_Tot,track_f_Tot,track_f_Tot,track_f_Tot,current,current,current,current,current,current
NaN,,NaN,low12V_5000_Tot,current,low12V_5000,low12V_5000,low12V_5000,low12V_5000,low12V_5000,low12V_5000,low12V_5000,low12V_5000,low12V_5000,low12V_5000,current,current,current,current,current,current
NaN,,NaN,panelT_5000_in_Avg,panelT_5000_Avg,panelT_5000_Avg,panelT_5000_Avg,panelT_5000_Avg,panelT_5000_Avg,panelT_5000_Avg,panelT_5000_Avg,panelT_5000_Avg,panelT_5000_Avg,panelT_5000_Avg,panelT_5000_Avg,panelT_5000_Avg,current,current,current,current,current
NaN,,NaN,CNR1TC_Avg,current,current,current,current,current,current,current,current,current,current,current,current,current,current,current,current,current
NaN,SWC_O1_5_Avg,NaN,SWC_O1_5_Avg,dne,dne,Period_1,Period_1,Period_1,cs616_wcr_1,cs616_wcr_1,cs616_wcr_1,cs616_wcr_10,dne,dne,dne,dne,SWC_O1_2p5_Avg,SWC_O1_2p5_Avg,SWC_O1_2p5_Avg,current
NaN,SWC_O1_10_Avg,NaN,SWC_O1_10_Avg,dne,dne,Period_2,Period_2,Period_2,cs616_wcr_2,cs616_wcr_2,cs616_wcr_2,cs616_wcr_11,dne,dne,dne,dne,SWC_O1_12p5_Avg,SWC_O1_12p5_Avg,SWC_O1_12p5_Avg,current
NaN,SWC_O1_20_Avg,NaN,SWC_O1_20_Avg,dne,dne,Period_3,Period_3,Period_3,cs616_wcr_3,cs616_wcr_3,cs616_wcr_3,cs616_wcr_12,dne,dne,dne,dne,dne,dne,dne,dne
NaN,SWC_O1_30_Avg,NaN,SWC_O1_30_Avg,dne,dne,dne,dne,dne,dne,dne,dne,dne,dne,dne,dne,dne,SWC_O1_32p5_Avg,SWC_O1_32p5_Avg,SWC_O1_32p5_Avg,current
NaN,SWC_O1_40_Avg,NaN,SWC_O1_40_Avg,dne,dne,Period_4,Period_4,Period_4,cs616_wcr_4,cs616_wcr_4,cs616_wcr_4,dne,dne,dne,dne,dne,dne,dne,dne,dne
NaN,SWC_O2_5_Avg,NaN,SWC_O2_5_Avg,dne,dne,Period_5,Period_5,Period_5,cs616_wcr_5,cs616_wcr_5,cs616_wcr_5,cs616_wcr_13,dne,dne,dne,dne,SWC_O2_2p5_Avg,SWC_O2_2p5_Avg,SWC_O2_2p5_Avg,current
NaN,SWC_O2_10_Avg,NaN,SWC_O2_10_Avg,dne,dne,Period_6,Period_6,Period_6,cs616_wcr_6,cs616_wcr_6,cs616_wcr_6,cs616_wcr_14,dne,dne,dne,dne,SWC_O2_12p5_Avg,SWC_O2_12p5_Avg,SWC_O2_12p5_Avg,current
NaN,SWC_O2_20_Avg,NaN,SWC_O2_20_Avg,dne,dne,Period_7,Period_7,Period_7,cs616_wcr_7,cs616_wcr_7,cs616_wcr_7,cs616_wcr_15,dne,dne,dne,dne,dne,dne,dne,dne
NaN,SWC_O2_30_Avg,NaN,SWC_O2_30_Avg,dne,dne,dne,dne,dne,dne,dne,dne,dne,dne,dne,dne,dne,SWC_O2_32p5_Avg,SWC_O2_32p5_Avg,SWC_O2_32p5_Avg,current
NaN,SWC_O2_40_Avg,NaN,SWC_O2_40_Avg,dne,dne,Period_8,Period_8,Period_8,cs616_wcr_8,cs616_wcr_8,cs616_wcr_8,dne,dne,dne,dne,dne,dne,dne,dne,dne
NaN,SWC_E1_5_Avg,NaN,SWC_E1_5_Avg,dne,dne,Period_9,Period_9,Period_9,cs616_wcr_9,cs616_wcr_9,cs616_wcr_9,dne,dne,dne,dne,dne,dne,dne,dne,dne
NaN,SWC_E1_10_Avg,NaN,SWC_E1_10_Avg,dne,dne,Period_10,Period_10,Period_10,cs616_wcr_10,cs616_wcr_10,cs616_wcr_10,dne,dne,dne,dne,dne,dne,dne,dne,dne
NaN,SWC_E1_20_Avg,NaN,SWC_E1_20_Avg,dne,dne,Period_11,Period_11,Period_11,cs616_wcr_11,cs616_wcr_11,cs616_wcr_11,dne,dne,dne,dne,dne,dne,dne,dne,dne
NaN,SWC_E1_30_Avg,NaN,SWC_E1_30_Avg,dne,dne,dne,dne,dne,dne,dne,dne,dne,dne,dne,dne,dne,dne,dne,dne,dne
NaN,SWC_E1_40_Avg,NaN,SWC_E1_40_Avg,dne,dne,Period_12,Period_12,Period_12,cs616_wcr_12,cs616_wcr_12,cs616_wcr_12,dne,dne,dne,dne,dne,dne,dne,dne,dne
NaN,SWC_J1_5_Avg,NaN,SWC_J1_5_Avg,dne,dne,Period_13,Period_13,Period_13,cs616_wcr_13,cs616_wcr_13,cs616_wcr_13,cs616_wcr_1,dne,dne,dne,dne,SWC_J1_2p5_Avg,SWC_J1_2p5_Avg,SWC_J1_2p5_Avg,current
NaN,SWC_J1_10_Avg,NaN,SWC_J1_10_Avg,dne,dne,Period_14,Period_14,Period_14,cs616_wcr_14,cs616_wcr_14,cs616_wcr_14,cs616_wcr_2,dne,dne,dne,dne,SWC_J1_12p5_Avg,SWC_J1_12p5_Avg,SWC_J1_12p5_Avg,current
NaN,SWC_J1_20_Avg,NaN,SWC_J1_20_Avg,dne,dne,Period_15,Period_15,Period_15,cs616_wcr_15,cs616_wcr_15,cs616_wcr_15,cs616_wcr_3,dne,dne,dne,dne,dne,dne,dne,dne
NaN,SWC_J1_30_Avg,NaN,SWC_J1_30_Avg,dne,dne,dne,dne,dne,dne,dne,dne,dne,dne,dne,dne,dne,SWC_J1_32p5_Avg,SWC_J1_32p5_Avg,SWC_J1_32p5_Avg,current
NaN,SWC_J1_40_Avg,NaN,SWC_J1_40_Avg,dne,dne,Period_16,Period_16,Period_16,cs616_wcr_16,cs616_wcr_16,cs616_wcr_16,dne,dne,dne,dne,dne,dne,dne,dne,dne
NaN,SWC_J2_5_Avg,NaN,SWC_J2_5_Avg,dne,dne,dne,dne,dne,dne,dne,dne,cs616_wcr_4,dne,dne,dne,dne,SWC_J2_2p5_Avg,SWC_J2_2p5_Avg,SWC_J2_2p5_Avg,current
NaN,SWC_J2_10_Avg,NaN,SWC_J2_10_Avg,dne,dne,dne,dne,dne,dne,dne,dne,cs616_wcr_5,dne,dne,dne,dne,SWC_J2_12p5_Avg,SWC_J2_12p5_Avg,SWC_J2_12p5_Avg,current
NaN,SWC_J2_30_Avg,NaN,SWC_J2_30_Avg,dne,dne,dne,dne,dne,dne,dne,dne,cs616_wcr_6,dne,dne,dne,dne,SWC_J2_32p5_Avg,SWC_J2_32p5_Avg,SWC_J2_32p5_Avg,current
NaN,SWC_O3_5_Avg,NaN,SWC_O3_5_Avg,dne,dne,dne,dne,dne,dne,dne,dne,cs616_wcr_16,dne,dne,dne,dne,SWC_O3_2p5_Avg,SWC_O3_2p5_Avg,SWC_O3_2p5_Avg,current
NaN,SWC_O3_10_Avg,NaN,SWC_O3_10_Avg,dne,dne,dne,dne,dne,dne,dne,dne,cs616_wcr_17,dne,dne,dne,dne,SWC_O3_12p5_Avg,SWC_O3_12p5_Avg,SWC_O3_12p5_Avg,current
NaN,SWC_O3_30_Avg,NaN,SWC_O3_30_Avg,dne,dne,dne,dne,dne,dne,dne,dne,cs616_wcr_18,dne,dne,dne,dne,SWC_O3_32p5_Avg,SWC_O3_32p5_Avg,SWC_O3_32p5_Avg,current
NaN,SWC_J3_5_Avg,NaN,SWC_J3_5_Avg,dne,dne,dne,dne,dne,dne,dne,dne,cs616_wcr_7,dne,dne,dne,dne,SWC_J3_2p5_Avg,SWC_J3_2p5_Avg,SWC_J3_2p5_Avg,current
NaN,SWC_J3_10_Avg,NaN,SWC_J3_10_Avg,dne,dne,dne,dne,dne,dne,dne,dne,cs616_wcr_8,dne,dne,dne,dne,SWC_J3_12p5_Avg,SWC_J3_12p5_Avg,SWC_J3_12p5_Avg,current
NaN,SWC_J3_30_Avg,NaN,SWC_J3_30_Avg,dne,dne,dne,dne,dne,dne,dne,dne,cs616_wcr_9,dne,dne,dne,dne,SWC_J3_32p5_Avg,SWC_J3_32p5_Avg,SWC_J3_32p5_Avg,current
NaN,,NaN,SWC_O1_5_Avg_calc,dne,dne,VWC_1,VWC_1,VWC_1,soil_water_T_1,soil_water_T_1,soil_water_T_1,SWC_O1_2p5,dne,dne,dne,dne,dne,dne,dne,dne
NaN,,NaN,SWC_O1_10_Avg_calc,dne,dne,VWC_2,VWC_2,VWC_2,soil_water_T_2,soil_water_T_2,soil_water_T_2,SWC_O1_12p5,dne,dne,dne,dne,dne,dne,dne,dne
NaN,,NaN,SWC_O1_20_Avg_calc,dne,dne,VWC_3,VWC_3,VWC_3,soil_water_T_3,soil_water_T_3,soil_water_T_3,SWC_O1_22p5,dne,dne,dne,dne,dne,dne,dne,dne
NaN,,NaN,SWC_O1_30_Avg_calc,dne,dne,dne,dne,dne,dne,dne,dne,dne,dne,dne,dne,dne,dne,dne,dne,dne
NaN,,NaN,SWC_O1_40_Avg_calc,dne,dne,VWC_4,VWC_4,VWC_4,soil_water_T_4,soil_water_T_4,soil_water_T_4,dne,dne,dne,dne,dne,dne,dne,dne,dne
NaN,,NaN,SWC_O2_5_Avg_calc,dne,dne,VWC_5,VWC_5,VWC_5,soil_water_T_5,soil_water_T_5,soil_water_T_5,SWC_O2_2p5,dne,dne,dne,dne,dne,dne,dne,dne
NaN,,NaN,SWC_O2_10_Avg_calc,dne,dne,VWC_6,VWC_6,VWC_6,soil_water_T_6,soil_water_T_6,soil_water_T_6,SWC_O2_12p5,dne,dne,dne,dne,dne,dne,dne,dne
NaN,,NaN,SWC_O2_20_Avg_calc,dne,dne,VWC_7,VWC_7,VWC_7,soil_water_T_7,soil_water_T_7,soil_water_T_7,SWC_O2_22p5,dne,dne,dne,dne,dne,dne,dne,dne
NaN,,NaN,SWC_O2_30_Avg_calc,dne,dne,dne,dne,dne,dne,dne,dne,dne,dne,dne,dne,dne,dne,dne,dne,dne
NaN,,NaN,SWC_O2_40_Avg_calc,dne,dne,VWC_8,VWC_8,VWC_8,soil_water_T_8,soil_water_T_8,soil_water_T_8,dne,dne,dne,dne,dne,dne,dne,dne,dne
NaN,,NaN,SWC_E1_5_Avg_calc,dne,dne,VWC_9,VWC_9,VWC_9,soil_water_T_9,soil_water_T_9,soil_water_T_9,dne,dne,dne,dne,dne,dne,dne,dne,dne
NaN,,NaN,SWC_E1_10_Avg_calc,dne,dne,VWC_10,VWC_10,VWC_10,soil_water_T_10,soil_water_T_10,soil_water_T_10,dne,dne,dne,dne,dne,dne,dne,dne,dne
NaN,,NaN,SWC_E1_20_Avg_calc,dne,dne,VWC_11,VWC_11,VWC_11,soil_water_T_11,soil_water_T_11,soil_water_T_11,dne,dne,dne,dne,dne,dne,dne,dne,dne
NaN,,NaN,SWC_E1_30_Avg_calc,dne,dne,dne,dne,dne,dne,dne,dne,dne,dne,dne,dne,dne,dne,dne,dne,dne
NaN,,NaN,SWC_E1_40_Avg_calc,dne,dne,VWC_12,VWC_12,VWC_12,soil_water_T_12,soil_water_T_12,soil_water_T_12,dne,dne,dne,dne,dne,dne,dne,dne,dne
NaN,,NaN,SWC_J1_5_Avg_calc,dne,dne,VWC_13,VWC_13,VWC_13,soil_water_T_13,soil_water_T_13,soil_water_T_13,SWC_J1_2p5,dne,dne,dne,dne,dne,dne,dne,dne
NaN,,NaN,SWC_J1_10_Avg_calc,dne,dne,VWC_14,VWC_14,VWC_14,soil_water_T_14,soil_water_T_14,soil_water_T_14,SWC_J1_12p5,dne,dne,dne,dne,dne,dne,dne,dne
NaN,,NaN,SWC_J1_20_Avg_calc,dne,dne,VWC_15,VWC_15,VWC_15,soil_water_T_15,soil_water_T_15,soil_water_T_15,SWC_J1_22p5,dne,dne,dne,dne,dne,dne,dne,dne
NaN,,NaN,SWC_J1_30_Avg_calc,dne,dne,dne,dne,dne,dne,dne,dne,dne,dne,dne,dne,dne,dne,dne,dne,dne
NaN,,NaN,SWC_J1_40_Avg_calc,dne,dne,VWC_16,VWC_16,VWC_16,soil_water_T_16,soil_water_T_16,soil_water_T_16,dne,dne,dne,dne,dne,dne,dne,dne,dne
NaN,,NaN,SWC_J2_5_Avg_calc,dne,dne,dne,dne,dne,dne,dne,dne,SWC_J2_2p5,dne,dne,dne,dne,dne,dne,dne,dne
NaN,,NaN,SWC_J2_10_Avg_calc,dne,dne,dne,dne,dne,dne,dne,dne,SWC_J2_12p5,dne,dne,dne,dne,dne,dne,dne,dne
NaN,,NaN,SWC_J2_30_Avg_calc,dne,dne,dne,dne,dne,dne,dne,dne,SWC_J2_22p5,dne,dne,dne,dne,dne,dne,dne,dne
NaN,,NaN,SWC_O3_5_Avg_calc,dne,dne,dne,dne,dne,dne,dne,dne,SWC_O3_2p5,dne,dne,dne,dne,dne,dne,dne,dne
NaN,,NaN,SWC_O3_10_Avg_calc,dne,dne,dne,dne,dne,dne,dne,dne,SWC_O3_12p5,dne,dne,dne,dne,dne,dne,dne,dne
NaN,,NaN,SWC_O3_30_Avg_calc,dne,dne,dne,dne,dne,dne,dne,dne,SWC_O3_22p5,dne,dne,dne,dne,dne,dne,dne,dne
NaN,,NaN,SWC_J3_5_Avg_calc,dne,dne,dne,dne,dne,dne,dne,dne,SWC_J3_2p5,dne,dne,dne,dne,dne,dne,dne,dne
NaN,,NaN,SWC_J3_10_Avg_calc,dne,dne,dne,dne,dne,dne,dne,dne,SWC_J3_12p5,dne,dne,dne,dne,dne,dne,dne,dne
NaN,,NaN,SWC_J3_30_Avg_calc,dne,dne,dne,dne,dne,dne,dne,dne,SWC_J3_22p5,dne,dne,dne,dne,dne,dne,dne,dne
NaN,SoilT_O1_5_Avg,NaN,SoilT_O1_5_Avg,dne,dne,soilT_Avg_1,soilT_Avg_1,soilT_Avg_1,soilT_Avg_1,soilT_Avg_1,soilT_Avg_1,SoilT_O1_2p5_Avg,SoilT_O1_2p5_Avg,SoilT_O1_2p5_Avg,SoilT_O1_2p5_Avg,SoilT_O1_2p5_Avg,SoilT_O1_2p5_Avg,SoilT_O1_2p5_Avg,SoilT_O1_2p5_Avg,current
NaN,SoilT_O1_10_Avg,NaN,SoilT_O1_10_Avg,dne,dne,soilT_Avg_2,soilT_Avg_2,soilT_Avg_2,soilT_Avg_2,soilT_Avg_2,soilT_Avg_2,SoilT_O1_12p5_Avg,SoilT_O1_12p5_Avg,SoilT_O1_12p5_Avg,SoilT_O1_12p5_Avg,SoilT_O1_12p5_Avg,SoilT_O1_12p5_Avg,SoilT_O1_12p5_Avg,SoilT_O1_12p5_Avg,current
NaN,SoilT_O1_20_Avg,NaN,SoilT_O1_20_Avg,dne,dne,soilT_Avg_3,soilT_Avg_3,soilT_Avg_3,soilT_Avg_3,soilT_Avg_3,soilT_Avg_3,SoilT_O1_22p5_Avg,SoilT_O1_22p5_Avg,SoilT_O1_22p5_Avg,SoilT_O1_22p5_Avg,SoilT_O1_22p5_Avg,SoilT_O1_22p5_Avg,SoilT_O1_22p5_Avg,SoilT_O1_22p5_Avg,dne
NaN,SoilT_O1_30_Avg,NaN,SoilT_O1_30_Avg,dne,dne,soilT_Avg_4,soilT_Avg_4,soilT_Avg_4,soilT_Avg_4,soilT_Avg_4,soilT_Avg_4,dne,dne,dne,dne,dne,dne,dne,dne,current
NaN,SoilT_O1_62_Avg,NaN,SoilT_O1_62_Avg,dne,dne,soilT_Avg_5,soilT_Avg_5,soilT_Avg_5,soilT_Avg_5,soilT_Avg_5,soilT_Avg_5,dne,dne,dne,dne,dne,dne,dne,dne,dne
NaN,SoilT_O2_5_Avg,NaN,SoilT_O2_5_Avg,dne,dne,soilT_Avg_6,soilT_Avg_6,soilT_Avg_6,soilT_Avg_6,soilT_Avg_6,soilT_Avg_6,SoilT_O2_2p5_Avg,SoilT_O2_2p5_Avg,SoilT_O2_2p5_Avg,SoilT_O2_2p5_Avg,SoilT_O2_2p5_Avg,SoilT_O2_2p5_Avg,SoilT_O2_2p5_Avg,SoilT_O2_2p5_Avg,current
NaN,SoilT_O2_10_Avg,NaN,SoilT_O2_10_Avg,dne,dne,soilT_Avg_7,soilT_Avg_7,soilT_Avg_7,soilT_Avg_7,soilT_Avg_7,soilT_Avg_7,SoilT_O2_12p5_Avg,SoilT_O2_12p5_Avg,SoilT_O2_12p5_Avg,SoilT_O2_12p5_Avg,SoilT_O2_12p5_Avg,SoilT_O2_12p5_Avg,SoilT_O2_12p5_Avg,SoilT_O2_12p5_Avg,current
NaN,SoilT_O2_20_Avg,NaN,SoilT_O2_20_Avg,dne,dne,soilT_Avg_8,soilT_Avg_8,soilT_Avg_8,soilT_Avg_8,soilT_Avg_8,soilT_Avg_8,SoilT_O2_22p5_Avg,SoilT_O2_22p5_Avg,SoilT_O2_22p5_Avg,SoilT_O2_22p5_Avg,SoilT_O2_22p5_Avg,SoilT_O2_22p5_Avg,SoilT_O2_22p5_Avg,SoilT_O2_22p5_Avg,dne
NaN,SoilT_O2_30_Avg,NaN,SoilT_O2_30_Avg,dne,dne,soilT_Avg_9,soilT_Avg_9,soilT_Avg_9,soilT_Avg_9,soilT_Avg_9,soilT_Avg_9,dne,dne,dne,dne,dne,dne,dne,dne,current
NaN,SoilT_O2_62_Avg,NaN,SoilT_O2_62_Avg,dne,dne,soilT_Avg_10,soilT_Avg_10,soilT_Avg_10,soilT_Avg_10,soilT_Avg_10,soilT_Avg_10,dne,dne,dne,dne,dne,dne,dne,dne,dne
NaN,SoilT_E1_5_Avg,NaN,SoilT_E1_5_Avg,dne,dne,soilT_Avg_11,soilT_Avg_11,soilT_Avg_11,soilT_Avg_11,soilT_Avg_11,soilT_Avg_11,dne,dne,dne,dne,dne,dne,dne,dne,dne
NaN,SoilT_E1_10_Avg,NaN,SoilT_E1_10_Avg,dne,dne,soilT_Avg_12,soilT_Avg_12,soilT_Avg_12,soilT_Avg_12,soilT_Avg_12,soilT_Avg_12,dne,dne,dne,dne,dne,dne,dne,dne,dne
NaN,SoilT_E1_20_Avg,NaN,SoilT_E1_20_Avg,dne,dne,soilT_Avg_13,soilT_Avg_13,soilT_Avg_13,soilT_Avg_13,soilT_Avg_13,soilT_Avg_13,dne,dne,dne,dne,dne,dne,dne,dne,dne
NaN,SoilT_E1_30_Avg,NaN,SoilT_E1_30_Avg,dne,dne,soilT_Avg_14,soilT_Avg_14,soilT_Avg_14,soilT_Avg_14,soilT_Avg_14,soilT_Avg_14,dne,dne,dne,dne,dne,dne,dne,dne,dne
NaN,SoilT_E1_62_Avg,NaN,SoilT_E1_62_Avg,dne,dne,soilT_Avg_15,soilT_Avg_15,soilT_Avg_15,soilT_Avg_15,soilT_Avg_15,soilT_Avg_15,dne,dne,dne,dne,dne,dne,dne,dne,dne
NaN,SoilT_J1_5_Avg,NaN,SoilT_J1_5_Avg,dne,dne,soilT_Avg_16,soilT_Avg_16,soilT_Avg_16,soilT_Avg_16,soilT_Avg_16,soilT_Avg_16,SoilT_J1_2p5_Avg,SoilT_J1_2p5_Avg,SoilT_J1_2p5_Avg,SoilT_J1_2p5_Avg,SoilT_J1_2p5_Avg,SoilT_J1_2p5_Avg,SoilT_J1_2p5_Avg,SoilT_J1_2p5_Avg,current
NaN,SoilT_J1_10_Avg,NaN,SoilT_J1_10_Avg,dne,dne,soilT_Avg_17,soilT_Avg_17,soilT_Avg_17,soilT_Avg_17,soilT_Avg_17,soilT_Avg_17,SoilT_J1_12p5_Avg,SoilT_J1_12p5_Avg,SoilT_J1_12p5_Avg,SoilT_J1_12p5_Avg,SoilT_J1_12p5_Avg,SoilT_J1_12p5_Avg,SoilT_J1_12p5_Avg,SoilT_J1_12p5_Avg,current
NaN,SoilT_J1_20_Avg,NaN,SoilT_J1_20_Avg,dne,dne,soilT_Avg_18,soilT_Avg_18,soilT_Avg_18,soilT_Avg_18,soilT_Avg_18,soilT_Avg_18,SoilT_J1_22p5_Avg,SoilT_J1_22p5_Avg,SoilT_J1_22p5_Avg,SoilT_J1_22p5_Avg,SoilT_J1_22p5_Avg,SoilT_J1_22p5_Avg,SoilT_J1_22p5_Avg,SoilT_J1_22p5_Avg,dne
NaN,SoilT_J1_30_Avg,NaN,SoilT_J1_30_Avg,dne,dne,soilT_Avg_19,soilT_Avg_19,soilT_Avg_19,soilT_Avg_19,soilT_Avg_19,soilT_Avg_19,dne,dne,dne,dne,dne,dne,dne,dne,current
NaN,SoilT_J1_62_Avg,NaN,SoilT_J1_62_Avg,dne,dne,soilT_Avg_20,soilT_Avg_20,soilT_Avg_20,soilT_Avg_20,soilT_Avg_20,soilT_Avg_20,dne,dne,dne,dne,dne,dne,dne,dne,dne
NaN,SoilT_J2_5_Avg,NaN,SoilT_J2_5_Avg,dne,dne,dne,dne,dne,dne,dne,dne,SoilT_J2_2p5_Avg,SoilT_J2_2p5_Avg,SoilT_J2_2p5_Avg,SoilT_J2_2p5_Avg,SoilT_J2_2p5_Avg,SoilT_J2_2p5_Avg,SoilT_J2_2p5_Avg,SoilT_J2_2p5_Avg,current
NaN,SoilT_J2_10_Avg,NaN,SoilT_J2_10_Avg,dne,dne,dne,dne,dne,dne,dne,dne,SoilT_J2_12p5_Avg,SoilT_J2_12p5_Avg,SoilT_J2_12p5_Avg,SoilT_J2_12p5_Avg,SoilT_J2_12p5_Avg,SoilT_J2_12p5_Avg,SoilT_J2_12p5_Avg,SoilT_J2_12p5_Avg,current
NaN,SoilT_J2_20_Avg,NaN,SoilT_J2_20_Avg,dne,dne,dne,dne,dne,dne,dne,dne,SoilT_J2_22p5_Avg,SoilT_J2_22p5_Avg,SoilT_J2_22p5_Avg,SoilT_J2_22p5_Avg,SoilT_J2_22p5_Avg,SoilT_J2_22p5_Avg,SoilT_J2_22p5_Avg,SoilT_J2_22p5_Avg,dne
NaN,SoilT_J2_30_Avg,NaN,SoilT_J2_30_Avg,dne,dne,dne,dne,dne,dne,dne,dne,dne,dne,dne,dne,dne,dne,dne,dne,current
NaN,SoilT_J2_62_Avg,NaN,SoilT_J2_62_Avg,dne,dne,dne,dne,dne,dne,dne,dne,dne,dne,dne,dne,dne,dne,dne,dne,dne
NaN,SoilT_J3_5_Avg,NaN,SoilT_J3_5_Avg,dne,dne,dne,dne,dne,dne,dne,dne,SoilT_J3_2p5_Avg,SoilT_J3_2p5_Avg,SoilT_J3_2p5_Avg,SoilT_J3_2p5_Avg,SoilT_J3_2p5_Avg,SoilT_J3_2p5_Avg,SoilT_J3_2p5_Avg,SoilT_J3_2p5_Avg,current
NaN,SoilT_J3_10_Avg,NaN,SoilT_J3_10_Avg,dne,dne,dne,dne,dne,dne,dne,dne,SoilT_J3_12p5_Avg,SoilT_J3_12p5_Avg,SoilT_J3_12p5_Avg,SoilT_J3_12p5_Avg,SoilT_J3_12p5_Avg,SoilT_J3_12p5_Avg,SoilT_J3_12p5_Avg,SoilT_J3_12p5_Avg,current
NaN,SoilT_J3_30_Avg,NaN,SoilT_J3_30_Avg,dne,dne,dne,dne,dne,dne,dne,dne,SoilT_J3_22p5_Avg,SoilT_J3_22p5_Avg,SoilT_J3_22p5_Avg,SoilT_J3_22p5_Avg,SoilT_J3_22p5_Avg,SoilT_J3_22p5_Avg,SoilT_J3_22p5_Avg,SoilT_J3_22p5_Avg,current
NaN,SoilT_O3_5_Avg,NaN,SoilT_O3_5_Avg,dne,dne,dne,dne,dne,dne,dne,dne,SoilT_O3_2p5_Avg,SoilT_O3_2p5_Avg,SoilT_O3_2p5_Avg,SoilT_O3_2p5_Avg,SoilT_O3_2p5_Avg,SoilT_O3_2p5_Avg,SoilT_O3_2p5_Avg,SoilT_O3_2p5_Avg,current
NaN,SoilT_O3_10_Avg,NaN,SoilT_O3_10_Avg,dne,dne,dne,dne,dne,dne,dne,dne,SoilT_O3_12p5_Avg,SoilT_O3_12p5_Avg,SoilT_O3_12p5_Avg,SoilT_O3_12p5_Avg,SoilT_O3_12p5_Avg,SoilT_O3_12p5_Avg,SoilT_O3_12p5_Avg,SoilT_O3_12p5_Avg,current
NaN,SoilT_O3_30_Avg,NaN,SoilT_03_30_Avg,dne,dne,dne,dne,dne,dne,dne,dne,SoilT_03_22p5_Avg,SoilT_03_22p5_Avg,SoilT_03_22p5_Avg,SoilT_03_22p5_Avg,SoilT_03_22p5_Avg,SoilT_03_22p5_Avg,SoilT_03_22p5_Avg,SoilT_03_22p5_Avg,current
NaN,,NaN,Soil_CO2_O1_5_Avg,dne,dne,Soil_CO2_Avg_1,Soil_CO2_Avg_1,dne,dne,dne,dne,dne,dne,dne,dne,dne,dne,dne,dne,dne
NaN,,NaN,Soil_CO2_O1_10_Avg,dne,dne,Soil_CO2_Avg_2,Soil_CO2_Avg_2,dne,dne,dne,dne,dne,dne,dne,dne,dne,dne,dne,dne,dne
NaN,,NaN,Soil_CO2_O1_20_Avg,dne,dne,Soil_CO2_Avg_3,Soil_CO2_Avg_3,dne,dne,dne,dne,dne,dne,dne,dne,dne,dne,dne,dne,dne
NaN,,NaN,Soil_CO2_O1_40_Avg,dne,dne,Soil_CO2_Avg_4,Soil_CO2_Avg_4,dne,dne,dne,dne,dne,dne,dne,dne,dne,dne,dne,dne,dne
NaN,,NaN,Soil_CO2_O1_100_Avg,dne,dne,Soil_CO2_Avg_5,Soil_CO2_Avg_5,dne,dne,dne,dne,dne,dne,dne,dne,dne,dne,dne,dne,dne
NaN,,NaN,Soil_CO2_E1_5_Avg,dne,dne,Soil_CO2_Avg_6,Soil_CO2_Avg_6,dne,dne,dne,dne,dne,dne,dne,dne,dne,dne,dne,dne,dne
NaN,,NaN,Soil_CO2_E1_10_Avg,dne,dne,Soil_CO2_Avg_7,Soil_CO2_Avg_7,dne,dne,dne,dne,dne,dne,dne,dne,dne,dne,dne,dne,dne
NaN,,NaN,Soil_CO2_E1_20_Avg,dne,dne,Soil_CO2_Avg_8,Soil_CO2_Avg_8,dne,dne,dne,dne,dne,dne,dne,dne,dne,dne,dne,dne,dne
NaN,,NaN,Soil_CO2_E1_40_Avg,dne,dne,Soil_CO2_Avg_9,Soil_CO2_Avg_9,dne,dne,dne,dne,dne,dne,dne,dne,dne,dne,dne,dne,dne
NaN,,NaN,Soil_CO2_E1_100_Avg,dne,dne,Soil_CO2_Avg_10,Soil_CO2_Avg_10,dne,dne,dne,dne,dne,dne,dne,dne,dne,dne,dne,dne,dne
NaN,,NaN,Soil_CO2_J1_5_Avg,dne,dne,Soil_CO2_Avg_11,Soil_CO2_Avg_11,dne,dne,dne,dne,dne,dne,dne,current,current,current,current,current,current
NaN,,NaN,Soil_CO2_J1_10_Avg,dne,dne,Soil_CO2_Avg_12,Soil_CO2_Avg_12,dne,dne,dne,dne,dne,dne,dne,current,current,current,current,current,current
NaN,,NaN,Soil_CO2_J1_20_Avg,dne,dne,Soil_CO2_Avg_13,Soil_CO2_Avg_13,dne,dne,dne,dne,dne,dne,dne,current,current,dne,dne,dne,dne
NaN,,NaN,Soil_CO2_J1_40_Avg,dne,dne,Soil_CO2_Avg_14,Soil_CO2_Avg_14,dne,dne,dne,dne,dne,dne,dne,current,current,dne,dne,dne,dne
NaN,,NaN,Soil_CO2_J1_100_Avg,dne,dne,Soil_CO2_Avg_15,Soil_CO2_Avg_15,dne,dne,dne,dne,dne,dne,dne,dne,dne,dne,dne,dne,dne
NaN,,NaN,Soil_CO2_J2_5_Avg,dne,dne,dne,dne,dne,dne,dne,dne,dne,dne,dne,current,current,current,current,current,current
NaN,,NaN,Soil_CO2_J2_10_Avg,dne,dne,dne,dne,dne,dne,dne,dne,dne,dne,dne,current,current,current,current,current,current
NaN,,NaN,Soil_CO2_J2_20_Avg,dne,dne,dne,dne,dne,dne,dne,dne,dne,dne,dne,current,current,dne,dne,dne,dne
NaN,,NaN,Soil_CO2_J2_40_Avg,dne,dne,dne,dne,dne,dne,dne,dne,dne,dne,dne,current,current,dne,dne,dne,dne
NaN,,NaN,Soil_CO2_J2_100_Avg,dne,dne,dne,dne,dne,dne,dne,dne,dne,dne,dne,dne,dne,dne,dne,dne,dne
NaN,,NaN,Soil_CO2_J3_5_Avg,dne,dne,dne,dne,dne,dne,dne,dne,dne,dne,dne,current,current,current,current,current,current
NaN,,NaN,Soil_CO2_J3_10_Avg,dne,dne,dne,dne,dne,dne,dne,dne,dne,dne,dne,current,current,current,current,current,current
NaN,,NaN,Soil_CO2_J3_20_Avg,dne,dne,dne,dne,dne,dne,dne,dne,dne,dne,dne,current,current,dne,dne,dne,dne
NaN,,NaN,Soil_CO2_J3_40_Avg,dne,dne,dne,dne,dne,dne,dne,dne,dne,dne,dne,current,current,dne,dne,dne,dne
NaN,,NaN,Soil_CO2_J3_100_Avg,dne,dne,dne,dne,dne,dne,dne,dne,dne,dne,dne,dne,dne,dne,dne,dne,dne
NaN,,NaN,sap_J1a_Avg,dne,dne,dne,sap_Avg_1,dne,sap_Avg_1,sap_Avg_1,sap_Avg_1,sap_Avg_1,sap_Avg_1,sap_Avg_1,current,current,current,current,current,current
NaN,,NaN,sap_J1b_Avg,dne,dne,dne,sap_Avg_2,dne,sap_Avg_2,sap_Avg_2,sap_Avg_2,sap_Avg_2,sap_Avg_2,sap_Avg_2,current,current,current,current,current,current
NaN,,NaN,sap_J2a_Avg,dne,dne,dne,sap_Avg_3,dne,sap_Avg_3,sap_Avg_3,sap_Avg_3,sap_Avg_3,sap_Avg_3,sap_Avg_3,current,current,current,current,current,current
NaN,,NaN,sap_J2b_Avg,dne,dne,dne,sap_Avg_4,dne,sap_Avg_4,sap_Avg_4,sap_Avg_4,sap_Avg_4,sap_Avg_4,sap_Avg_4,current,current,current,current,current,current
NaN,,NaN,sap_J3a_Avg,dne,dne,dne,sap_Avg_5,dne,sap_Avg_5,sap_Avg_5,sap_Avg_5,sap_Avg_5,sap_Avg_5,sap_Avg_5,current,current,current,current,current,current
NaN,,NaN,sap_J3b_Avg,dne,dne,dne,sap_Avg_6,dne,sap_Avg_6,dne,sap_Avg_6,sap_Avg_6,sap_Avg_6,sap_Avg_6,current,current,current,current,current,current
NaN,,NaN,sap_J4a_Avg,dne,dne,dne,sap_Avg_7,dne,sap_Avg_7,dne,sap_Avg_7,sap_Avg_7,sap_Avg_7,sap_Avg_7,current,current,current,current,current,current
NaN,,NaN,sap_J4b_Avg,dne,dne,dne,sap_Avg_8,dne,sap_Avg_8,dne,sap_Avg_8,sap_Avg_8,sap_Avg_8,sap_Avg_8,current,current,current,current,current,current
NaN,,NaN,sap_J5a_Avg,dne,dne,dne,sap_Avg_9,dne,sap_Avg_9,dne,sap_Avg_9,sap_Avg_9,sap_Avg_9,sap_Avg_9,current,current,current,current,current,current
NaN,,NaN,sap_J5b_Avg,dne,dne,dne,sap_Avg_10,dne,sap_Avg_10,dne,sap_Avg_10,sap_Avg_10,sap_Avg_10,sap_Avg_10,current,current,current,current,current,current
NaN,,NaN,shf_o1_Avg,dne,dne,shf_Avg_1,shf_Avg_1,shf_Avg_1,shf_Avg_1,shf_Avg_1,shf_Avg_1,shf_Avg_1,shf_Avg_1,open_north_Avg,shf_open_north_Avg,shf_open_north_Avg,current,current,current,current
NaN,,NaN,shf_o2_Avg,dne,dne,shf_Avg_2,shf_Avg_2,shf_Avg_2,shf_Avg_2,shf_Avg_2,shf_Avg_2,shf_Avg_2,shf_Avg_2,open_south_Avg,shf_open_south_Avg,shf_open_south_Avg,current,current,current,current
NaN,,NaN,shf_o3_Avg,dne,dne,dne,dne,dne,dne,dne,dne,dne,dne,dne,dne,dne,current,current,dne,dne
NaN,,NaN,shf_j1_Avg,dne,dne,shf_Avg_3,shf_Avg_3,shf_Avg_3,shf_Avg_3,shf_Avg_3,shf_Avg_3,shf_Avg_3,shf_Avg_3,juniper_east_Avg,shf_juniper_east_Avg,shf_juniper_east_Avg,current,shf_j2_Avg,current,current
NaN,,NaN,shf_j2_Avg,dne,dne,shf_Avg_4,shf_Avg_4,shf_Avg_4,shf_Avg_4,shf_Avg_4,shf_Avg_4,shf_Avg_4,shf_Avg_4,juniper_west_Avg,shf_juniper_west_Avg,shf_juniper_west_Avg,current,shf_j1_Avg,current,current
NaN,,NaN,shf_j3_Avg,dne,dne,dne,dne,dne,dne,dne,dne,dne,dne,dne,dne,dne,current,current,dne,dne
NaN,,NaN,tcav_j1_Avg,dne,dne,TCAV_Avg_1,TCAV_Avg_1,TCAV_Avg_1,TCAV_Avg_1,TCAV_Avg_1,TCAV_Avg_1,TCAV_Avg_1,TCAV_Avg_1,TCAV_Avg_1,tcav_p1_Avg,tcav_p1_Avg,current,current,current,current
NaN,,NaN,tcav_j2_Avg,dne,dne,dne,dne,dne,dne,dne,dne,dne,dne,dne,dne,dne,current,current,current,current
NaN,,NaN,tcav_j3_Avg,dne,dne,dne,dne,dne,dne,dne,dne,dne,dne,dne,dne,dne,current,current,dne,dne
NaN,,NaN,tcav_01_Avg,dne,dne,TCAV_Avg_2,TCAV_Avg_2,TCAV_Avg_2,TCAV_Avg_2,TCAV_Avg_2,TCAV_Avg_2,TCAV_Avg_2,TCAV_Avg_2,TCAV_Avg_2,tcav_p2_Avg,tcav_p4_Avg,tcav_o1_Avg,tcav_o1_Avg,current,current
NaN,,NaN,tcav_o2_Avg,dne,dne,dne,dne,dne,dne,dne,dne,dne,dne,dne,dne,dne,current,current,current,current
NaN,,NaN,tcav_o3_Avg,dne,dne,dne,dne,dne,dne,dne,dne,dne,dne,dne,dne,dne,current,current,dne,dne
